ID,Latitude,Longitude,Elevation (m),River δ18O (‰),River d_excess (‰),Season,Nearest Stream δ18O (‰),Nearest Snow δ18O (‰),Nearest Groundwater δ18O (‰),Nearest Lake δ18O (‰),Nearest Stream d_excess (‰),Nearest Snow d_excess (‰),Nearest Groundwater d_excess (‰),Nearest Lake d_excess (‰)
Mn'La'-Rd-03,27.5499,88.64505,1308.0,-11.5,17.299999999999997,Winter,-9.1,-5.4,,,15.399999999999999,40.5,,
Mn'La'-Rd-04,27.61783333333333,88.62166666666667,1773.0,-10.2,16.299999999999997,Winter,-8.8,-3.7,,,16.900000000000006,19.0,,
Mn'La'-Rd-05,27.6196,88.62188333333333,1763.0,-12.8,15.800000000000011,Winter,-8.8,-3.7,,,16.900000000000006,19.0,,
La'Gd'-Rd-08,27.83505,88.549,3487.0,-13.9,15.0,Winter,-8.6,-3.6,,,16.299999999999997,16.8,,
La'Gd'-Rd-09,27.82043333333333,88.54925,3379.0,-10.7,15.699999999999989,Winter,-8.6,-3.6,,,16.299999999999997,16.8,,
La'Gd'-Rd-10,27.757,88.53891666666667,2738.0,-14.5,15.700000000000003,Winter,-8.6,-3.7,,,16.299999999999997,19.0,,
La'Lu'-Rd-14,27.68895,88.7442,2599.0,-11.8,17.10000000000001,Winter,-8.6,-5.4,,,16.299999999999997,40.5,,
Lu'Yu'-Rd-17,27.75828333333333,88.72413333333333,3374.0,-12.5,16.200000000000003,Winter,-8.6,-5.3,,,16.299999999999997,18.799999999999997,,
Lu'Mn'-Rd-19,27.60588333333333,88.65065,1615.0,-11.0,16.099999999999994,Winter,-8.8,-5.4,,,16.900000000000006,40.5,,
Lu'Mn'-Rd-21,27.6059,88.6507,1626.0,-12.2,17.0,Winter,-8.8,-5.4,,,16.900000000000006,40.5,,
Mn'Si'-Rd-22,27.40138333333333,88.51951666666666,605.0,-11.4,17.0,Winter,-8.3,-3.7,,,16.300000000000004,19.0,,
Mn'Si'-Rd-23,27.16176666666667,88.52996666666667,250.0,-9.5,15.100000000000001,Winter,-8.3,-3.7,,,16.300000000000004,19.0,,
69Mar,27.5153358,88.5309708,817.2402,-3.3066045,11.912320638787902,Spring,-3.54301741666667,-4.5,-8.91,-8.7,9.716556610276811,25.601807131493388,15.004610015297459,15.109566709981742
75Mar,27.43835365,88.51421136,776.1443,-3.758815,13.82870548585084,Spring,-6.067955833333333,-4.5,-6.7,-8.7,14.186903849578961,25.601807131493388,13.99190292892363,15.109566709981742
76Mar,27.43622197,88.5153958,754.5146,-5.725906,18.801107653562593,Spring,-6.067955833333333,-4.5,-6.7,-8.7,14.186903849578961,25.601807131493388,13.99190292892363,15.109566709981742
77Mar,27.434277,88.5148548,759.94,-3.8938695,13.86292529481084,Spring,-6.067955833333333,-4.5,-6.7,-8.7,14.186903849578961,25.601807131493388,13.99190292892363,15.109566709981742
78Mar,27.43212406,88.51450573,733.6062,-3.820009,14.37135822565348,Spring,-6.067955833333333,-4.5,-6.7,-8.7,14.186903849578961,25.601807131493388,13.99190292892363,15.109566709981742
79Mar,27.42887707,88.5150767,709.0928,-3.696805833333333,14.358272357204584,Spring,-6.067955833333333,-4.5,-6.7,-8.7,14.186903849578961,25.601807131493388,13.99190292892363,15.109566709981742
80Mar,27.42804207,88.51426559,700.2007,-4.786223133333333,21.647219542041366,Spring,-6.067955833333333,-4.5,-6.7,-8.7,14.186903849578961,25.601807131493388,13.99190292892363,15.109566709981742
81Mar,27.42447146,88.51488367,680.7341,-4.5818085,14.8881246160343,Spring,-6.067955833333333,-4.5,-6.7,-8.7,14.186903849578961,25.601807131493388,13.99190292892363,15.109566709981742
82Mar,27.41995161,88.515861,657.6626,-4.408150833333333,15.731651804165004,Spring,-6.271437499999999,-4.5,-6.7,-8.7,11.183682484580075,25.601807131493388,13.99190292892363,15.109566709981742
22Mar,27.80943249,88.70363222,3681.2261,-12.67085183333333,12.475276413101028,Spring,-10.9,-8.3,-6.04,-8.7,7.6454931244786195,18.655686999142652,8.503357939606367,15.109566709981742
5Mar,27.69005911,88.74543169,2548.802,-10.7,7.529297437199915,Spring,-9.8,-4.2,-6.04,-8.7,11.37731219150865,28.472394008100856,8.503357939606367,15.109566709981742
122Mar,27.0812654,88.4302903,248.1442,-9.35,16.299999999999997,Spring,-5.1740085,-4.5,-8.8,-8.7,7.2142685879870285,25.601807131493388,10.834678513677687,15.109566709981742
123Mar,27.07788002,88.43052509,248.8651,-9.45,17.099999999999994,Spring,-5.1740085,-4.5,-8.8,-8.7,7.2142685879870285,25.601807131493388,10.834678513677687,15.109566709981742
43Mar,27.54981889,88.64405693,1386.0959,-8.382938166666666,10.773747623590488,Spring,-6.266782,-4.5,-6.04,-8.7,10.562643292841763,25.601807131493388,8.503357939606367,15.109566709981742
117Mar,27.20469645,88.48510285,313.7535,-8.6552,13.080935326369563,Spring,-5.1740085,-4.5,-5.6,-8.7,7.2142685879870285,25.601807131493388,12.180481760053496,15.109566709981742
118Mar,27.20175809,88.48213951,338.7477,-8.264717,11.723851354243223,Spring,-5.1740085,-4.5,-5.6,-8.7,7.2142685879870285,25.601807131493388,12.180481760053496,15.109566709981742
113Mar,27.290926,88.5959595,817.4805,-7.423210999999999,9.970858078927591,Spring,-5.1740085,-4.5,-5.6,-8.7,7.2142685879870285,25.601807131493388,12.180481760053496,15.109566709981742
58Mar,27.5362083,88.500196,876.1206,-7.248738083333333,12.26551467930696,Spring,-3.64,-4.5,-8.91,-8.7,14.042978824497482,25.601807131493388,15.004610015297459,15.109566709981742
65Mar,27.53658495,88.49129666,919.3796,-7.77,16.64661634296764,Spring,-5.317288,-4.5,-8.91,-8.7,14.223022716358926,25.601807131493388,15.004610015297459,15.109566709981742
114Mar,27.29375107,88.5885264,833.1018,-6.323232833333333,8.613854114652305,Spring,-5.1740085,-4.5,-5.6,-8.7,7.2142685879870285,25.601807131493388,12.180481760053496,15.109566709981742
119Mar,27.1725377,88.5311949,291.05,-5.81267883333333,6.9752430903280995,Spring,-5.1740085,-4.5,-8.8,-8.7,7.2142685879870285,25.601807131493388,10.834678513677687,15.109566709981742
70Mar,27.5279891,88.5427412,822.5276,-7.4136255,19.783974208738805,Spring,-2.8108015,-4.5,-8.91,-8.7,12.03574526457422,25.601807131493388,15.004610015297459,15.109566709981742
RW-15,28.0226,88.7549,5100.0,-9.8,0.4000000000000057,Spring,-13.6,-11.5,-6.04,-8.7,9.7048889251935,16.400000000000006,8.503357939606367,15.109566709981742
RW-16,28.0446,88.6872,5050.0,-12.2,2.5,Spring,-13.6,-11.5,-6.04,-8.7,9.7048889251935,16.400000000000006,8.503357939606367,15.109566709981742
RW-17,27.9379,88.5523,4322.0,-12.0,3.9000000000000057,Spring,-13.6,-11.5,-6.04,-15.85,9.7048889251935,16.400000000000006,8.503357939606367,10.459999999999994
RW-18,27.8353,88.5485,3515.0,-10.7,4.699999999999989,Spring,-11.1,-8.3,-6.04,-15.85,9.700000000000003,18.655686999142652,8.503357939606367,10.459999999999994
RW-14,27.6386,88.6147,1862.0,-8.5,8.200000000000003,Spring,-5.4,-4.2,-6.04,-8.7,12.621326120871071,28.472394008100856,8.503357939606367,15.109566709981742
RW-21,27.5498,88.6444,1314.0,-7.6,8.5,Spring,-6.266782,-4.5,-6.04,-8.7,10.562643292841763,25.601807131493388,8.503357939606367,15.109566709981742
RW-24,27.4114,88.5156,584.0,-7.5,7.299999999999997,Spring,-4.12714433333333,-4.5,-6.7,-8.7,6.9791632402126105,25.601807131493388,13.99190292892363,15.109566709981742
RW-6,27.2107,88.4891,327.0,-7.7,8.600000000000001,Spring,-5.1740085,-4.5,-5.6,-8.7,7.2142685879870285,25.601807131493388,12.180481760053496,15.109566709981742
RW-10,27.1659,88.5311,288.0,-7.1,7.299999999999997,Spring,-5.1740085,-4.5,-8.8,-8.7,7.2142685879870285,25.601807131493388,10.834678513677687,15.109566709981742
RW-1,26.8817,88.4774,146.0,-7.0,1.2999999999999972,Spring,-5.1740085,-4.5,-8.8,-8.7,7.2142685879870285,25.601807131493388,10.834678513677687,15.109566709981742
RW-3,26.7507,88.5869,111.0,-7.8,6.799999999999997,Spring,-5.1740085,-4.5,-8.8,-8.7,7.2142685879870285,25.601807131493388,10.834678513677687,15.109566709981742
RW-4,26.3368,88.8813,68.0,-6.8,5.5,Spring,-5.1740085,-3.9,-8.8,-8.4,7.2142685879870285,20.91928406789993,10.834678513677687,15.962840789184796
RW-19,27.7635,88.5355,2737.0,-10.9,6.400000000000006,Spring,-10.9,-8.3,-6.04,-15.85,7.6454931244786195,18.655686999142652,8.503357939606367,10.459999999999994
RW-13,27.8063,88.632,3636.0,-9.9,7.900000000000006,Spring,-10.9,-8.3,-6.04,-8.7,7.6454931244786195,18.655686999142652,8.503357939606367,15.109566709981742
RW-11,27.6891,88.7437,2619.0,-8.7,8.199999999999996,Spring,-6.9,-4.2,-6.04,-8.7,16.57679829684885,28.472394008100856,8.503357939606367,15.109566709981742
RW-22,27.5424,88.6292,1342.0,-6.7,8.600000000000001,Spring,-6.266782,-4.5,-6.04,-8.7,10.562643292841763,25.601807131493388,8.503357939606367,15.109566709981742
RW-20,27.5275,88.6061,1461.0,-6.8,7.699999999999996,Spring,-6.473069333333333,-4.5,-6.04,-8.7,11.236162063298636,25.601807131493388,8.503357939606367,15.109566709981742
RW-23,27.5215,88.5317,765.0,-6.9,9.400000000000006,Spring,-3.54301741666667,-4.5,-8.91,-8.7,9.716556610276811,25.601807131493388,15.004610015297459,15.109566709981742
RW-5,27.232,88.4996,363.0,-5.7,7.100000000000001,Spring,-5.1740085,-4.5,-5.6,-8.7,7.2142685879870285,25.601807131493388,12.180481760053496,15.109566709981742
RW-7,27.1887,88.5941,434.0,-6.9,8.700000000000003,Spring,-5.1740085,-4.5,-5.6,-8.7,7.2142685879870285,25.601807131493388,12.180481760053496,15.109566709981742
RW-8,27.1929,88.6045,448.0,-6.8,9.299999999999997,Spring,-5.1740085,-4.5,-5.6,-8.7,7.2142685879870285,25.601807131493388,12.180481760053496,15.109566709981742
RW-9,27.1729,88.5286,302.0,-6.8,9.100000000000001,Spring,-5.1740085,-4.5,-8.8,-8.7,7.2142685879870285,25.601807131493388,10.834678513677687,15.109566709981742
RW-25,27.2176,88.3435,435.0,-7.3,6.799999999999997,Spring,-5.172300166666666,-3.54,-8.8,-15.85,8.646096590258772,21.310000000000002,10.834678513677687,10.459999999999994
RW-26,27.1312,88.2782,318.0,-7.5,6.0,Spring,-10.08,-3.54,-8.8,-15.85,18.68,21.310000000000002,10.834678513677687,10.459999999999994
RW-27,27.1048,88.326,285.0,-7.4,4.900000000000006,Spring,-5.1740085,-3.54,-8.8,-8.7,7.2142685879870285,21.310000000000002,10.834678513677687,15.109566709981742
RW-2,26.8206,88.5975,129.0,-5.4,4.0,Spring,-5.1740085,-4.5,-8.8,-8.7,7.2142685879870285,25.601807131493388,10.834678513677687,15.109566709981742
NC-04,27.52520555555556,88.13458055555556,4069.0,-14.1,14.689999999999998,Spring,-10.08,-3.54,-7.5,-15.85,18.68,21.310000000000002,18.483407834283753,10.459999999999994
Rd-05,27.52219444444444,88.13657500000001,4004.0,-15.37,16.299999999999997,Spring,-10.08,-3.54,-7.5,-15.85,18.68,21.310000000000002,18.483407834283753,10.459999999999994
Rd-07,27.47545555555556,88.15984444444445,3964.0,-13.12,15.739999999999995,Spring,-10.08,-3.54,-7.5,-15.85,18.68,21.310000000000002,18.483407834283753,10.459999999999994
Rd-09,27.431075,88.17163055555557,2496.0,-10.2,16.44999999999999,Spring,-10.08,-3.54,-7.5,-15.85,18.68,21.310000000000002,18.483407834283753,10.459999999999994
Rd-11,27.36927777777778,88.20600833333333,1286.0,-9.62,17.029999999999994,Spring,-10.08,-3.54,-7.5,-15.85,18.68,21.310000000000002,18.483407834283753,10.459999999999994
La-Gd Rd-02,27.75695,88.53888333333333,2712.0,-15.08,13.280000000000001,Monsoon,-10.84,,,,17.11,,,
La-Gd Rd-04,27.79471666666667,88.55333333333333,3164.0,-13.21,16.220000000000013,Monsoon,-9.5,,,,15.46,,,
La-Gd Rd-05,27.83555,88.54888333333334,3481.0,-13.52,14.799999999999997,Monsoon,-9.5,,,,15.46,,,
La-Gd Rd-06,27.88528333333333,88.53695,3813.0,-14.16,13.099999999999994,Monsoon,-9.5,,,,15.46,,,
La-Gd Rd-07,27.93583333333333,88.54611666666666,4289.0,-14.86,12.189999999999998,Monsoon,-13.22,,,,16.460000000000008,,,
La-Gd Rd-08,27.965,88.57888333333334,4472.0,-14.2,13.86999999999999,Monsoon,-13.22,,,,16.460000000000008,,,
La-Gd Rd-09,28.00916666666667,88.59471666666667,4715.0,-15.33,10.61,Monsoon,-13.22,,,,16.460000000000008,,,
La-Gd Rd-10,28.03528333333333,88.70945,5158.0,-14.77,11.090000000000003,Monsoon,-13.22,,,,16.460000000000008,,,
La-Lu Rd-14,27.61945,88.62111666666667,1751.0,-13.61,16.25999999999999,Monsoon,-7.62,,,,15.630000000000003,,,
La-Lu Rd-15,27.61778333333333,88.62166666666667,1758.0,-9.75,15.009999999999998,Monsoon,-8.06,,,,15.840000000000003,,,
La-Yu Rd-21,27.75805,88.725,3367.0,-12.85,14.920000000000002,Monsoon,-12.93,,,,14.879999999999995,,,
La-Yu Rd-25,27.68888333333333,88.74416666666667,2616.0,-12.45,14.899999999999991,Monsoon,-10.51,,,,14.840000000000003,,,
Ch-Mn Rd-26,27.60555,88.65111666666667,1584.0,-11.82,15.790000000000006,Monsoon,-8.06,,,,15.840000000000003,,,
Ch-Mn Rd-27,27.54916666666667,88.64471666666667,1320.0,-11.92,18.060000000000002,Monsoon,-7.56,,,,16.199999999999996,,,
Mn-Si Rd-32,27.40111666666667,88.51916666666666,576.0,-10.99,14.659999999999997,Monsoon,-6.03,,,,13.630000000000003,,,
Mn-Si Rd-34,27.16138333333333,88.53028333333333,274.0,-10.74,13.930000000000007,Monsoon,-7.11,,,,11.470000000000006,,,
9Oct,27.93034,88.734373,4817.713379,-15.8,9.441000000000003,Post_monsoon,-14.6,-18.4,-10.9,-14.1,13.861000000000004,11.893999999999977,14.0,9.599999999999994
15Oct,27.793292,88.707365,3600.689941,-13.6,14.200000000000003,Post_monsoon,-10.7,-18.4,-8.8,-14.7,17.919999999999987,11.893999999999977,14.002200000000009,9.799999999999997
18Oct,27.690086,88.74572,2638.356934,-11.8,14.807500000000005,Post_monsoon,-11.4,-18.4,-8.8,-14.7,15.037400000000005,11.893999999999977,14.002200000000009,9.799999999999997
32Oct,27.618599,88.622633,1756.720459,-12.6,12.5,Post_monsoon,-10.9,-29.69,-9.3,-10.9,15.100000000000009,23.700000000000017,14.621800000000007,14.900000000000006
44Oct,27.757051,88.538856,2725.367676,-14.4,13.100000000000009,Post_monsoon,-9.5,-29.69,-9.1,-14.7,16.4,23.700000000000017,17.699999999999996,9.799999999999997
47Oct,27.835187,88.548942,3486.609375,-13.7,13.299999999999997,Post_monsoon,-13.06,-29.69,-10.9,-14.7,17.480000000000004,23.700000000000017,14.0,9.799999999999997
48Oct,27.850515,88.549137,3571.880859,-14.1,12.899999999999991,Post_monsoon,-13.06,-29.69,-10.9,-14.7,17.480000000000004,23.700000000000017,14.0,9.799999999999997
49Oct,27.885135,88.536658,3840.618164,-14.3,11.700000000000003,Post_monsoon,-14.1,-29.69,-10.9,-14.7,11.427999999999997,23.700000000000017,14.0,9.799999999999997
51Oct,27.907618,88.525821,4011.550049,-14.6,10.5,Post_monsoon,-14.1,-29.69,-10.9,-14.7,11.427999999999997,23.700000000000017,14.0,9.799999999999997
52Oct,28.000928,88.59362,4700.829102,-16.1,10.100000000000009,Post_monsoon,-16.3,-29.21,-10.9,-10.2,9.200000000000003,19.849999999999994,14.0,-13.100000000000009
54Oct,28.035921,88.638729,4914.956543,-14.2,7.799999999999997,Post_monsoon,-16.3,-15.5,-10.9,-10.2,9.200000000000003,14.688999999999993,14.0,-13.100000000000009
56Oct,27.955673,88.577044,4695.192871,-15.0,8.793000000000006,Post_monsoon,-14.7,-29.21,-10.9,-13.1,10.5,19.849999999999994,14.0,2.200000000000003
59Oct,27.619937,88.619056,1952.549316,-12.6,14.099999999999994,Post_monsoon,-12.56,-29.69,-9.3,-10.9,16.33,23.700000000000017,14.621800000000007,14.900000000000006
60Oct,27.601009,88.647529,1582.387329,-12.3,15.900000000000006,Post_monsoon,-6.7,-29.69,-9.3,-10.9,13.389900000000004,23.700000000000017,14.621800000000007,14.900000000000006
61Oct,27.605825,88.650811,1581.19458,-11.3,14.900000000000006,Post_monsoon,-6.7,-29.69,-9.3,-10.9,13.389900000000004,23.700000000000017,14.621800000000007,14.900000000000006
65Oct,27.549724,88.644365,1290.888062,-10.6,16.700000000000003,Post_monsoon,-9.7,-29.69,-9.3,-10.9,17.772299999999994,23.700000000000017,14.621800000000007,14.900000000000006
72Oct,27.524517,88.525609,804.057312,-11.7,16.799999999999997,Post_monsoon,-7.6,-29.69,-7.6,-10.9,15.099999999999994,23.700000000000017,16.299999999999997,14.900000000000006
79Oct,27.511862,88.529062,724.785034,-10.6,13.799999999999997,Post_monsoon,-7.7,-29.69,-7.6,-10.9,13.700000000000003,23.700000000000017,16.299999999999997,14.900000000000006
87Oct,27.402833,88.520873,565.387878,-8.5,14.899999999999999,Post_monsoon,-7.3,-29.69,-7.6,-10.9,12.899999999999999,23.700000000000017,16.299999999999997,14.900000000000006
100Oct,27.37182,88.737424,3444.834473,-9.7,16.199999999999996,Post_monsoon,-10.1,-29.69,-8.9,-10.9,14.0,23.700000000000017,12.700000000000003,14.900000000000006
122Oct,27.201158,88.697803,1393.003784,-9.6,15.5,Post_monsoon,-8.8,-29.69,-8.5,-10.9,12.300000000000004,23.700000000000017,12.100000000000001,14.900000000000006
126Oct,27.185826,88.55186,389.990387,-9.6,14.0,Post_monsoon,-7.8,-29.69,-7.5,-10.9,14.5,23.700000000000017,12.0,14.900000000000006
128Oct,27.178208,88.514772,296.776276,-9.4,14.5,Post_monsoon,-10.4,-29.69,-7.5,-10.9,11.600000000000009,23.700000000000017,12.0,14.900000000000006
131Oct,27.232224,88.499813,388.787109,-7.5,13.5,Post_monsoon,-8.4,-29.69,-8.9,-10.9,12.900000000000006,23.700000000000017,12.700000000000003,14.900000000000006
132Oct,27.230189,88.491972,345.91153,-10.9,15.600000000000009,Post_monsoon,-8.4,-29.69,-8.9,-10.9,12.900000000000006,23.700000000000017,12.700000000000003,14.900000000000006
133Oct,27.22863,88.492407,344.399384,-8.5,12.799999999999997,Post_monsoon,-8.4,-29.69,-8.9,-10.9,12.900000000000006,23.700000000000017,12.700000000000003,14.900000000000006
152Oct,27.281698,88.276294,728.432373,-11.3,14.800000000000011,Post_monsoon,-7.9,-29.69,-7.5,-9.9,10.600000000000001,23.700000000000017,12.0,8.700000000000003
163Oct,27.315779,88.196514,1230.08606,-10.7,15.799999999999997,Post_monsoon,-8.7,-29.69,-7.6,-9.3,13.499999999999993,23.700000000000017,16.299999999999997,13.200000000000003
168Oct,27.370256,88.205746,1256.271851,-13.3,15.200000000000003,Post_monsoon,-9.0,-29.69,-7.6,-9.9,12.5,23.700000000000017,16.299999999999997,8.700000000000003
179Oct,27.202187,88.326477,410.312866,-10.7,13.699999999999989,Post_monsoon,-8.3,-29.69,-7.5,-9.3,13.900000000000006,23.700000000000017,12.0,13.200000000000003
180Oct,27.128998,88.269619,324.523376,-10.2,13.5,Post_monsoon,-8.7,-29.69,-7.5,-9.3,11.099999999999994,23.700000000000017,12.0,13.200000000000003
182Oct,27.099755,88.359206,268.835968,-9.0,12.100000000000001,Post_monsoon,-8.7,-29.69,-7.5,-9.3,11.099999999999994,23.700000000000017,12.0,13.200000000000003
183Oct,27.098706,88.357383,248.514999,-9.8,11.700000000000003,Post_monsoon,-8.7,-29.69,-7.5,-9.3,11.099999999999994,23.700000000000017,12.0,13.200000000000003
184Oct,27.088469,88.45603,230.850159,-10.4,13.200000000000003,Post_monsoon,-8.9,-29.69,-7.5,-9.9,10.800000000000004,23.700000000000017,12.0,8.700000000000003
186Oct,27.049644,88.426672,224.462891,-10.2,13.899999999999991,Post_monsoon,-8.9,-29.69,-7.5,-9.3,10.800000000000004,23.700000000000017,12.0,13.200000000000003
188Oct,26.925146,88.454262,188.929993,-8.2,9.999999999999993,Post_monsoon,-8.7,-29.69,-7.5,-9.3,14.999999999999993,23.700000000000017,12.0,13.200000000000003
189Oct,26.925363,88.455174,142.887787,-9.9,15.0,Post_monsoon,-8.7,-29.69,-7.5,-9.3,14.999999999999993,23.700000000000017,12.0,13.200000000000003
190Oct,26.882168,88.474237,128.551987,-10.3,12.900000000000006,Post_monsoon,-8.7,-29.69,-7.5,-9.3,14.999999999999993,23.700000000000017,12.0,13.200000000000003
Lu-Yu Rd-1,27.80055555555555,88.7038888888889,3606.0,-13.64,18.28,Post_monsoon,-13.6,-18.4,-8.8,-14.7,14.81819999999999,11.893999999999977,14.002200000000009,9.799999999999997
Lu-Yu Rd-04,27.75805555555555,88.72500000000001,3367.0,-13.52,18.89999999999999,Post_monsoon,-11.13,-18.4,-8.8,-14.7,18.680000000000007,11.893999999999977,14.002200000000009,9.799999999999997
Lu-Yu Rd-06,27.91852777777778,88.69380555555556,4674.0,-15.22,17.86,Post_monsoon,-14.6,-18.4,-10.9,-14.1,13.861000000000004,11.893999999999977,14.0,9.599999999999994
Yu-Zp Rd-10,27.90111111111111,88.70666666666666,4534.0,-15.14,17.16000000000001,Post_monsoon,-14.6,-18.4,-10.9,-14.1,13.861000000000004,11.893999999999977,14.0,9.599999999999994
Yu-Zp Rd-11,27.94388888888889,88.74416666666667,4943.0,-13.9,14.840000000000003,Post_monsoon,-14.6,-23.05,-10.9,-14.1,13.861000000000004,22.900000000000006,14.0,9.599999999999994
Yu-Ch Rd-17,27.60619444444444,88.65027777777779,1582.0,-14.44,17.409999999999997,Post_monsoon,-6.7,-29.69,-9.3,-10.9,13.389900000000004,23.700000000000017,14.621800000000007,14.900000000000006
La-Gd Rd-19,27.88527777777778,88.53666666666666,3812.0,-15.79,14.679999999999993,Post_monsoon,-14.1,-29.69,-10.9,-14.7,11.427999999999997,23.700000000000017,14.0,9.799999999999997
La-Gd Rd-20,27.83416666666666,88.54888888888888,3476.0,-15.21,16.620000000000005,Post_monsoon,-13.06,-29.69,-10.9,-14.7,17.480000000000004,23.700000000000017,14.0,9.799999999999997
La-Gd Rd-23,27.955,88.57555555555555,4427.0,-16.25,13.010000000000005,Post_monsoon,-14.7,-29.21,-10.9,-13.1,10.5,19.849999999999994,14.0,2.200000000000003
La-Gd Rd-25,27.75694444444444,88.53888888888889,2712.0,-15.57,16.75,Post_monsoon,-11.2,-29.69,-9.1,-14.7,15.599999999999994,23.700000000000017,17.699999999999996,9.799999999999997
La-Ch Rd-30,27.61944444444444,88.6211111111111,1751.0,-13.85,16.14999999999999,Post_monsoon,-12.56,-29.69,-9.3,-10.9,16.33,23.700000000000017,14.621800000000007,14.900000000000006
La-Ch Rd-32,27.54972222222223,88.64472222222223,1308.0,-11.91,16.090000000000003,Post_monsoon,-9.7,-29.69,-9.3,-10.9,17.772299999999994,23.700000000000017,14.621800000000007,14.900000000000006
Ch-Mn Rd-36,27.40111111111111,88.51916666666666,577.0,-12.32,17.900000000000006,Post_monsoon,-7.3,-29.69,-7.6,-10.9,12.899999999999999,23.700000000000017,16.299999999999997,14.900000000000006
TN 3/16,27.066,88.427,219.0,-11.1,13.399999999999991,Post_monsoon,-8.9,-29.69,-7.5,-9.3,10.800000000000004,23.700000000000017,12.0,13.200000000000003
TN 5/16,27.178,88.52,296.0,-11.4,13.400000000000006,Post_monsoon,-10.4,-29.69,-7.5,-10.9,11.600000000000009,23.700000000000017,12.0,14.900000000000006
TN 6/16,27.231,88.492,344.0,-8.6,15.0,Post_monsoon,-8.4,-29.69,-8.9,-10.9,12.900000000000006,23.700000000000017,12.700000000000003,14.900000000000006
TN16/16,27.601,88.649,1564.0,-12.0,16.299999999999997,Post_monsoon,-6.7,-29.69,-9.3,-10.9,13.389900000000004,23.700000000000017,14.621800000000007,14.900000000000006
TN 15/16,27.606,88.642,1594.0,-13.1,15.5,Post_monsoon,-6.7,-29.69,-9.3,-10.9,13.389900000000004,23.700000000000017,14.621800000000007,14.900000000000006
TN 21/16,27.753,88.545,2680.0,-14.7,12.199999999999989,Post_monsoon,-11.2,-29.69,-9.1,-14.7,15.599999999999994,23.700000000000017,17.699999999999996,9.799999999999997
TN 26/16,27.862,88.545,3684.0,-13.0,8.400000000000006,Post_monsoon,-14.1,-29.69,-10.9,-14.7,11.427999999999997,23.700000000000017,14.0,9.799999999999997
TN 28/16,27.87,88.544,3734.0,-13.7,6.0,Post_monsoon,-14.1,-29.69,-10.9,-14.7,11.427999999999997,23.700000000000017,14.0,9.799999999999997
TN 39/16,27.89,88.535,3845.0,-14.8,16.200000000000003,Post_monsoon,-14.1,-29.69,-10.9,-14.7,11.427999999999997,23.700000000000017,14.0,9.799999999999997
TN 37/16,27.908,88.526,4042.0,-14.8,12.900000000000006,Post_monsoon,-14.1,-29.69,-10.9,-14.7,11.427999999999997,23.700000000000017,14.0,9.799999999999997
TN 34/16,27.959,88.578,4448.0,-15.2,13.299999999999997,Post_monsoon,-14.7,-29.21,-10.9,-13.1,10.5,19.849999999999994,14.0,2.200000000000003
TN 32/16,28.01,88.596,4718.0,-15.2,9.299999999999997,Post_monsoon,-16.3,-29.21,-10.9,-10.2,9.200000000000003,19.849999999999994,14.0,-13.100000000000009
TN 14/16,27.606,88.65,1590.0,-11.5,6.700000000000003,Post_monsoon,-6.7,-29.69,-9.3,-10.9,13.389900000000004,23.700000000000017,14.621800000000007,14.900000000000006
TN 38/16,27.906,88.527,3894.0,-14.9,14.600000000000009,Post_monsoon,-14.1,-29.69,-10.9,-14.7,11.427999999999997,23.700000000000017,14.0,9.799999999999997
TN 41/16,27.902,88.53,3965.0,-11.5,12.799999999999997,Post_monsoon,-14.1,-29.69,-10.9,-14.7,11.427999999999997,23.700000000000017,14.0,9.799999999999997
TN 22/16,27.756,88.539,2726.0,-14.5,9.599999999999994,Post_monsoon,-11.2,-29.69,-9.1,-14.7,15.599999999999994,23.700000000000017,17.699999999999996,9.799999999999997
TN 27/16,27.865,88.548,3709.0,-13.6,5.599999999999994,Post_monsoon,-14.1,-29.69,-10.9,-14.7,11.427999999999997,23.700000000000017,14.0,9.799999999999997
